patient_id,age,sex,bmi,family_history_diabetes,has_type2_diabetes,hba1c,fasting_glucose,systolic_bp,diastolic_bp,cholesterol,medication
P0001,38,F,23.8,False,True,6.4,83.0,102,77,185,metformin
P0002,40,F,32.5,False,True,6.8,122.0,129,71,206,metformin
P0003,71,M,32.5,False,True,7.4,116.0,146,77,192,metformin_glimepiride
P0004,42,M,30.1,True,True,6.8,132.0,117,73,170,metformin
P0005,38,M,33.6,True,True,6.4,95.0,132,84,211,metformin_glimepiride
P0006,69,M,29.0,True,True,7.6,129.0,136,77,213,none
P0007,66,F,21.9,False,True,6.3,95.0,120,87,177,metformin_glimepiride
P0008,54,F,27.0,False,True,6.9,120.0,131,73,184,metformin
P0009,75,M,27.6,False,True,6.7,100.0,135,77,227,metformin
P0010,57,F,31.3,True,True,7.3,114.0,122,74,163,metformin_glimepiride
P0011,63,M,26.4,True,True,7.0,119.0,132,75,189,metformin_glimepiride
P0012,60,F,22.0,True,True,5.9,97.0,111,72,239,metformin
P0013,45,F,31.8,True,True,6.7,99.0,119,84,143,metformin_glimepiride
P0014,47,F,25.8,False,True,6.4,98.0,122,76,243,metformin
P0015,38,F,23.9,True,True,6.1,111.0,128,78,238,metformin
P0016,59,F,24.3,False,True,5.9,99.0,119,64,170,metformin
P0017,54,F,32.3,True,True,8.4,147.0,114,61,206,none
P0018,48,F,25.7,True,True,6.9,115.0,117,67,145,metformin
P0019,62,F,28.3,False,True,7.0,125.0,119,67,172,metformin
P0020,57,F,24.8,False,True,6.1,106.0,126,74,198,metformin
P0021,75,F,30.5,True,True,6.9,100.0,133,90,211,metformin
P0022,71,M,34.4,False,True,7.5,136.0,138,91,210,metformin
P0023,35,F,22.3,True,True,6.6,105.0,113,87,161,metformin
P0024,47,F,26.7,True,True,6.4,106.0,136,77,215,metformin_glimepiride
P0025,74,M,28.3,False,True,6.7,100.0,125,84,166,none
P0026,40,M,30.7,True,True,6.4,113.0,129,88,190,metformin
P0027,74,F,27.5,False,True,7.3,110.0,129,78,282,metformin
P0028,59,M,27.2,True,True,6.5,108.0,138,70,180,none
P0029,53,M,27.8,False,True,6.4,94.0,121,62,154,metformin
P0030,45,M,23.6,False,True,7.4,111.0,113,78,246,metformin
P0031,48,M,27.4,False,True,6.7,105.0,119,65,189,metformin_glimepiride
P0032,37,M,26.0,False,True,6.6,109.0,123,76,195,metformin
P0033,67,F,29.9,True,True,8.5,166.0,147,80,180,metformin
P0034,50,F,23.5,False,True,6.4,108.0,98,83,210,metformin
P0035,44,F,26.4,False,True,6.4,100.0,117,74,199,none
P0036,70,F,27.4,False,True,7.2,115.0,106,79,256,metformin
P0037,48,M,32.4,True,True,6.9,102.0,120,88,213,none
P0038,54,F,30.5,False,True,7.1,125.0,121,78,177,metformin
P0039,42,F,23.2,False,True,5.9,105.0,127,90,216,metformin
P0040,73,F,23.2,False,True,7.5,131.0,118,67,207,metformin
P0041,64,F,25.5,False,True,6.5,117.0,131,57,211,metformin_glimepiride
P0042,66,F,35.8,False,True,7.4,129.0,113,91,214,metformin_glimepiride
P0043,64,M,25.9,False,True,7.3,123.0,127,78,176,metformin
P0044,47,M,30.2,False,True,6.2,98.0,140,71,171,metformin
P0045,49,F,32.3,True,True,7.5,134.0,135,82,266,none
P0046,61,M,35.7,False,True,7.6,140.0,112,69,153,metformin
P0047,47,M,30.5,False,True,6.9,99.0,95,78,181,metformin_glimepiride
P0048,69,M,29.1,True,True,7.3,126.0,120,75,210,metformin
P0049,68,M,26.7,False,True,6.8,110.0,136,60,165,none
P0050,44,M,25.4,False,True,6.1,99.0,131,86,192,none
P0051,39,M,28.1,False,True,6.4,95.0,113,65,168,metformin
P0052,46,M,36.2,False,True,7.3,111.0,132,78,140,metformin_glimepiride
P0053,51,M,25.8,True,True,6.0,88.0,125,74,207,metformin
P0054,40,M,27.0,False,True,6.8,108.0,132,79,191,none
P0055,63,M,37.3,True,True,7.7,131.0,146,72,212,metformin
P0056,61,F,24.7,True,True,5.7,78.0,117,73,259,metformin
P0057,41,M,24.2,False,True,5.9,90.0,120,80,184,metformin
P0058,57,M,28.5,True,True,6.9,127.0,125,81,198,metformin
P0059,65,F,25.0,True,True,6.4,110.0,137,78,194,metformin
P0060,48,M,32.7,False,True,6.8,91.0,107,89,223,metformin
P0061,44,F,21.7,True,True,5.7,113.0,123,71,208,metformin
P0062,63,F,28.9,True,True,7.4,126.0,134,71,229,metformin
P0063,72,F,24.1,False,True,7.5,123.0,142,72,249,none
P0064,65,M,35.5,True,True,7.2,115.0,137,66,222,metformin
P0065,42,M,33.7,True,True,6.5,88.0,115,80,189,metformin
P0066,62,F,29.4,True,True,7.3,128.0,131,81,210,metformin_glimepiride
P0067,63,F,28.1,False,True,6.6,97.0,110,69,200,none
P0068,72,F,25.1,True,True,7.3,119.0,118,80,211,metformin_glimepiride
P0069,40,F,28.2,True,True,6.0,97.0,103,87,232,none
P0070,66,F,20.0,False,True,6.2,88.0,132,91,168,none
P0071,61,F,29.6,False,True,6.5,107.0,148,64,162,metformin
P0072,66,F,32.2,True,True,6.6,112.0,123,88,184,metformin
P0073,57,F,30.9,False,True,7.2,102.0,132,69,206,metformin_glimepiride
P0074,64,F,24.9,False,True,7.0,117.0,116,87,189,metformin_glimepiride
P0075,53,M,29.7,False,True,7.0,110.0,119,88,166,metformin
P0076,69,F,40.0,True,True,7.2,116.0,133,78,171,metformin
P0077,62,M,30.9,False,True,7.5,146.0,129,75,197,metformin
P0078,58,M,22.8,False,True,6.5,101.0,144,74,250,none
P0079,38,M,31.1,True,True,6.2,101.0,137,75,144,none
P0080,65,F,27.0,False,True,6.1,81.0,131,72,126,metformin
P0081,43,F,29.7,True,True,6.0,103.0,125,96,207,metformin
P0082,67,F,32.2,True,True,7.9,128.0,125,74,227,metformin_glimepiride
P0083,48,M,26.4,False,True,6.6,105.0,131,58,171,metformin
P0084,36,M,24.2,True,True,5.9,104.0,115,67,193,metformin
P0085,66,M,24.1,True,True,7.0,113.0,132,75,224,metformin
P0086,70,M,27.6,True,True,6.4,110.0,123,68,202,metformin
P0087,44,M,20.0,True,True,5.5,100.0,121,82,160,metformin
P0088,53,F,28.8,True,True,6.7,112.0,125,83,222,metformin_glimepiride
P0089,41,M,20.0,True,True,6.3,91.0,95,76,222,metformin
P0090,60,M,26.8,False,True,6.8,108.0,111,92,254,metformin
P0091,38,M,24.4,True,True,6.3,105.0,132,81,217,none
P0092,38,F,20.5,True,True,5.5,75.0,138,89,235,metformin
P0093,40,F,34.6,True,True,7.0,104.0,130,79,155,metformin
P0094,35,F,36.6,False,True,6.9,115.0,127,77,162,metformin
P0095,42,M,25.1,False,True,6.4,107.0,96,75,224,metformin
P0096,44,F,28.7,False,True,6.0,98.0,125,87,227,none
P0097,45,F,22.9,True,True,6.2,97.0,111,78,179,none
P0098,38,F,26.7,False,True,6.3,90.0,113,88,160,none
P0099,49,M,20.1,False,True,6.0,94.0,133,55,208,none
P0100,58,M,26.8,False,True,6.3,98.0,140,91,190,metformin
P0101,43,F,28.7,False,True,6.5,106.0,125,102,220,metformin
P0102,51,M,26.9,True,True,7.0,115.0,124,76,207,metformin_glimepiride
P0103,47,F,20.0,False,True,5.5,75.0,117,76,174,metformin
P0104,43,F,26.7,True,True,6.3,104.0,107,82,196,metformin
P0105,62,M,20.0,True,True,6.2,98.0,122,77,230,metformin_glimepiride
P0106,75,M,23.6,True,True,7.4,119.0,96,62,182,none
P0107,51,F,26.7,True,True,6.4,113.0,113,69,211,none
P0108,50,F,29.0,False,True,7.4,117.0,147,75,158,metformin
P0109,50,M,23.7,True,True,6.4,109.0,112,83,231,metformin
P0110,70,F,30.9,True,True,6.5,102.0,119,78,187,metformin
P0111,48,F,37.0,True,True,7.5,123.0,129,79,209,metformin
P0112,54,F,29.9,False,True,6.3,100.0,135,84,204,none
P0113,35,M,30.7,True,True,6.6,103.0,126,55,206,none
P0114,65,M,30.5,False,True,6.7,102.0,144,73,270,metformin
P0115,37,F,30.3,True,True,6.5,95.0,120,77,154,metformin
P0116,46,F,32.7,True,True,6.8,110.0,127,83,165,metformin
P0117,51,F,33.5,False,True,6.4,107.0,132,66,204,metformin
P0118,62,F,31.3,True,True,7.3,118.0,122,84,246,none
P0119,64,M,34.4,True,True,7.6,135.0,132,79,227,metformin
P0120,61,M,26.6,True,True,6.8,114.0,132,73,224,metformin
P0121,47,M,22.9,True,True,5.9,76.0,106,67,197,none
P0122,46,F,31.3,False,True,6.9,117.0,130,61,184,metformin
P0123,58,F,28.7,False,True,7.3,133.0,127,73,214,metformin
P0124,51,F,32.9,True,True,7.4,130.0,114,86,218,none
P0125,53,F,25.1,True,True,6.2,104.0,109,79,160,none
P0126,66,M,39.5,True,True,8.6,148.0,140,81,216,metformin_glimepiride
P0127,49,M,35.0,False,True,7.7,123.0,126,70,210,metformin
P0128,69,M,27.6,True,True,7.0,99.0,116,78,244,metformin
P0129,51,F,25.9,False,True,6.6,105.0,125,76,200,metformin
P0130,62,M,21.6,True,True,6.3,95.0,123,82,207,metformin
P0131,35,F,34.0,True,True,6.9,123.0,140,87,213,metformin
P0132,37,M,23.6,False,True,5.5,77.0,133,82,239,metformin_glimepiride
P0133,64,F,23.3,False,True,6.6,108.0,137,73,213,metformin
P0134,37,F,28.5,True,True,6.2,97.0,117,91,192,metformin
P0135,36,M,20.0,False,True,5.5,78.0,134,74,233,metformin
P0136,45,M,28.1,False,True,7.3,98.0,96,72,195,metformin_glimepiride
P0137,74,M,30.6,True,True,7.9,143.0,133,85,214,none
P0138,61,M,29.0,False,True,7.6,102.0,108,67,190,metformin
P0139,73,M,21.7,False,True,6.3,126.0,148,72,195,none
P0140,59,M,28.0,True,True,6.8,95.0,115,78,211,metformin
P0141,40,F,22.6,False,True,5.6,93.0,117,64,185,metformin_glimepiride
P0142,61,F,27.9,True,True,7.3,118.0,134,92,260,metformin
P0143,54,M,24.3,True,True,5.9,80.0,114,79,195,metformin_glimepiride
P0144,70,M,25.3,True,True,7.9,136.0,136,72,199,metformin
P0145,36,F,20.0,True,True,5.5,75.0,103,86,193,metformin
P0146,68,F,32.0,True,True,7.6,134.0,123,82,221,metformin
P0147,72,M,23.4,True,True,6.8,114.0,116,76,222,metformin
P0148,42,F,34.2,False,True,7.7,124.0,137,79,182,metformin
P0149,67,F,27.7,True,True,7.5,140.0,117,79,182,metformin
P0150,48,F,28.3,True,True,6.4,113.0,122,83,182,metformin
P0151,66,F,28.0,False,True,7.3,128.0,133,89,246,none
P0152,51,M,25.7,True,True,6.2,115.0,124,74,233,none
P0153,41,F,20.0,True,True,5.8,94.0,102,75,255,none
P0154,58,M,26.5,False,True,5.7,92.0,133,63,180,metformin
P0155,69,M,24.2,False,True,5.8,97.0,134,73,130,metformin_glimepiride
P0156,59,F,20.0,True,True,5.7,97.0,114,79,217,metformin
P0157,64,F,27.6,True,True,6.3,113.0,116,72,201,metformin_glimepiride
P0158,60,M,32.9,True,True,6.5,104.0,137,63,168,metformin
P0159,55,F,29.7,False,True,7.7,134.0,132,99,192,metformin
P0160,52,M,30.5,True,True,6.4,126.0,128,71,225,metformin
P0161,56,F,27.4,False,True,6.1,101.0,146,80,188,metformin
P0162,72,F,27.4,True,True,7.5,108.0,138,73,217,metformin
P0163,43,F,34.5,False,True,7.4,108.0,135,82,146,metformin_glimepiride
P0164,40,F,31.0,True,True,6.7,124.0,137,55,185,metformin_glimepiride
P0165,70,M,20.6,True,True,7.1,106.0,129,68,184,none
P0166,60,M,30.6,True,True,7.9,139.0,124,82,158,metformin
P0167,36,M,27.0,True,True,6.0,89.0,127,78,214,metformin_glimepiride
P0168,60,F,26.6,False,True,6.0,108.0,140,69,267,metformin
P0169,51,M,32.9,True,True,6.9,111.0,130,89,202,metformin
P0170,62,M,32.6,False,True,7.6,124.0,118,71,152,metformin
P0171,56,F,28.1,True,True,5.5,75.0,137,71,210,metformin_glimepiride
P0172,59,M,27.9,True,True,7.9,148.0,120,72,190,metformin
P0173,67,F,28.0,False,True,7.7,128.0,154,77,257,metformin
P0174,62,F,25.2,True,True,6.9,123.0,123,65,160,metformin_glimepiride
P0175,56,M,20.5,True,True,6.7,109.0,95,74,194,metformin
P0176,39,M,26.7,True,True,6.4,109.0,120,79,218,none
P0177,69,M,32.5,True,True,7.6,129.0,123,78,185,none
P0178,63,M,23.5,False,True,6.1,104.0,109,71,183,metformin
P0179,48,M,30.0,True,True,6.9,92.0,122,93,200,metformin
P0180,40,M,32.5,True,True,6.0,97.0,115,88,185,metformin
P0181,35,F,22.8,False,True,5.7,87.0,112,84,230,metformin_glimepiride
P0182,35,F,31.3,True,True,6.6,117.0,109,93,166,metformin
P0183,43,F,20.9,False,True,6.6,104.0,128,77,191,none
P0184,59,F,20.5,False,True,6.5,109.0,103,70,183,none
P0185,66,M,22.3,False,True,6.2,107.0,134,74,191,metformin_glimepiride
P0186,40,M,23.3,True,True,5.7,77.0,119,81,147,metformin_glimepiride
P0187,63,M,27.5,False,True,6.9,98.0,110,76,233,metformin
P0188,75,F,33.9,True,True,8.0,128.0,132,65,136,metformin
P0189,44,M,24.1,True,True,5.5,75.0,115,70,206,metformin
P0190,51,F,29.6,True,True,6.3,100.0,137,87,154,metformin
P0191,42,M,34.6,True,True,7.0,113.0,121,81,187,metformin
P0192,45,M,25.4,True,True,7.6,109.0,122,70,212,metformin
P0193,67,F,31.9,True,True,7.4,134.0,101,90,215,none
P0194,70,F,24.8,False,True,6.9,116.0,138,61,234,metformin
P0195,37,F,27.6,False,True,6.5,81.0,127,64,196,metformin_glimepiride
P0196,55,F,27.7,False,True,6.5,118.0,129,73,191,metformin
P0197,67,M,30.2,False,True,7.6,128.0,157,68,200,metformin_glimepiride
P0198,54,M,25.4,True,True,6.5,108.0,112,75,150,none
P0199,54,F,30.5,False,True,6.2,109.0,129,71,190,metformin
P0200,44,F,26.1,True,True,6.0,101.0,112,78,190,metformin_glimepiride
P0201,52,F,26.1,False,True,6.4,89.0,114,66,210,metformin
P0202,66,F,20.7,True,True,5.9,88.0,125,57,210,metformin
P0203,39,M,26.5,False,True,6.7,107.0,112,58,214,metformin
P0204,40,M,29.1,False,True,6.2,105.0,105,85,153,none
P0205,50,M,37.2,True,True,7.4,114.0,122,80,198,metformin
P0206,71,M,27.5,False,True,6.9,122.0,111,75,180,metformin_glimepiride
P0207,67,M,26.8,True,True,7.2,106.0,134,70,186,none
P0208,66,M,32.5,False,True,7.1,110.0,123,87,222,metformin
P0209,46,F,38.7,False,True,7.4,111.0,119,75,163,metformin_glimepiride
P0210,53,M,23.0,True,True,5.9,121.0,114,76,159,metformin
P0211,57,M,33.5,False,True,6.6,109.0,114,90,224,metformin
P0212,56,F,24.1,True,True,7.0,126.0,102,78,229,metformin
P0213,40,M,28.5,True,True,6.3,82.0,116,74,190,metformin
P0214,73,F,28.3,True,True,7.1,113.0,130,61,220,metformin
P0215,73,F,28.7,False,True,6.4,83.0,132,77,211,metformin_glimepiride
P0216,58,F,32.7,True,True,7.1,96.0,137,88,219,none
P0217,62,F,31.5,True,True,7.9,124.0,125,83,203,metformin
P0218,48,F,31.1,True,True,6.9,110.0,141,70,178,metformin
P0219,56,M,32.5,False,True,6.5,85.0,127,69,187,none
P0220,47,M,29.5,True,True,7.0,120.0,113,76,227,metformin
P0221,39,M,22.2,True,True,5.5,99.0,130,78,199,metformin
P0222,42,F,26.8,True,True,6.7,103.0,112,66,163,none
P0223,70,M,31.8,True,True,8.1,121.0,139,89,191,metformin
P0224,35,M,29.7,False,True,6.5,89.0,128,85,171,metformin
P0225,60,F,20.0,True,True,6.0,79.0,127,72,168,metformin
P0226,72,M,31.2,True,True,7.7,117.0,131,79,191,metformin
P0227,43,F,25.0,False,True,6.4,75.0,132,55,176,metformin_glimepiride
P0228,58,F,21.9,True,True,6.8,92.0,135,75,164,metformin
P0229,73,F,23.9,True,True,7.2,102.0,121,69,245,metformin
P0230,43,F,28.4,False,True,6.2,91.0,105,77,158,none
P0231,61,F,26.8,True,True,6.5,96.0,113,92,203,metformin
P0232,46,F,25.6,True,True,5.9,102.0,104,73,177,metformin
P0233,49,F,25.6,True,True,6.3,94.0,125,78,193,metformin
P0234,53,F,27.4,True,True,6.7,126.0,106,82,141,metformin
P0235,51,M,35.6,True,True,7.3,115.0,128,77,173,metformin
P0236,35,F,25.0,True,True,5.5,89.0,124,77,223,metformin
P0237,45,F,30.3,False,True,6.6,102.0,148,73,175,none
P0238,57,F,22.2,False,True,6.3,90.0,135,81,161,metformin
P0239,41,F,31.5,True,True,6.7,109.0,115,82,209,metformin_glimepiride
P0240,55,F,29.1,True,True,6.2,84.0,131,56,205,none
P0241,48,F,34.4,True,True,7.4,119.0,127,84,182,metformin
P0242,42,F,29.8,True,True,6.9,132.0,112,66,165,metformin_glimepiride
P0243,37,F,30.7,False,True,6.0,103.0,107,86,280,metformin_glimepiride
P0244,65,M,31.1,False,True,6.4,97.0,115,66,254,metformin
P0245,56,M,30.2,True,True,6.9,123.0,125,81,193,metformin
P0246,36,F,20.0,True,True,5.7,76.0,117,76,130,metformin
P0247,49,M,30.3,True,True,6.3,103.0,135,83,193,metformin_glimepiride
P0248,56,F,30.6,False,True,7.3,122.0,135,78,222,metformin
P0249,66,M,24.9,True,True,7.5,128.0,103,70,226,metformin_glimepiride
P0250,66,F,34.8,False,True,7.2,121.0,136,82,230,metformin_glimepiride
P0251,53,M,30.7,True,True,6.9,114.0,127,83,214,metformin_glimepiride
P0252,55,M,28.8,True,True,6.9,135.0,117,80,231,metformin
P0253,74,M,39.0,False,True,8.2,131.0,133,82,231,metformin
P0254,68,M,28.1,False,True,8.3,145.0,118,71,175,metformin
P0255,42,F,26.9,True,True,6.3,108.0,109,67,201,metformin
P0256,42,M,24.9,False,True,5.8,86.0,106,86,214,metformin
P0257,66,F,34.1,True,True,6.7,102.0,124,71,171,metformin_glimepiride
P0258,52,M,30.0,True,True,7.0,120.0,131,74,261,metformin
P0259,59,F,20.1,False,True,5.5,85.0,120,72,260,none
P0260,57,M,24.3,True,True,6.5,107.0,99,74,200,metformin
P0261,48,M,24.8,True,True,6.2,100.0,126,84,187,metformin
P0262,72,F,31.2,True,True,7.8,141.0,146,92,179,metformin_glimepiride
P0263,36,M,28.6,True,True,6.0,80.0,121,70,197,metformin
P0264,69,F,29.6,False,True,7.5,147.0,132,81,172,none
P0265,71,M,35.6,True,True,7.3,121.0,133,71,196,metformin
P0266,74,M,22.2,True,True,7.0,109.0,107,70,204,metformin_glimepiride
P0267,74,F,23.8,False,True,7.2,95.0,139,66,216,metformin
P0268,52,M,31.0,False,True,6.6,108.0,122,81,221,metformin
P0269,46,M,27.5,True,True,6.3,105.0,107,81,222,metformin
P0270,45,M,22.7,True,True,5.8,75.0,132,76,228,none
P0271,47,M,30.6,False,True,7.1,140.0,134,65,209,metformin_glimepiride
P0272,37,F,26.6,False,True,6.6,133.0,110,72,185,metformin_glimepiride
P0273,71,M,24.5,True,True,6.7,113.0,119,91,205,none
P0274,75,M,32.2,True,True,8.2,140.0,138,81,198,metformin
P0275,68,M,38.6,True,True,8.1,150.0,149,80,132,metformin
P0276,41,F,35.1,True,True,7.4,114.0,107,81,193,none
P0277,39,M,28.9,False,True,6.8,121.0,131,89,189,none
P0278,49,F,32.2,False,True,6.8,104.0,142,84,216,metformin
P0279,44,F,28.3,False,True,6.0,75.0,122,79,231,metformin
P0280,73,F,24.0,True,True,7.1,142.0,144,84,194,metformin_glimepiride
P0281,40,M,32.1,True,True,6.6,106.0,142,75,121,metformin
P0282,37,M,28.7,False,True,6.2,107.0,102,72,215,metformin_glimepiride
P0283,42,F,21.3,False,True,6.4,103.0,95,81,145,metformin_glimepiride
P0284,57,M,23.3,True,True,6.3,95.0,128,72,229,metformin
P0285,42,F,25.4,False,True,6.5,96.0,98,78,184,none
P0286,70,F,24.4,False,True,6.1,83.0,138,86,182,metformin_glimepiride
P0287,47,M,31.3,False,True,6.0,92.0,142,74,198,metformin
P0288,42,M,25.9,True,True,7.1,102.0,131,68,198,metformin
P0289,69,F,24.2,True,True,6.0,85.0,128,83,200,none
P0290,71,F,24.1,True,True,7.2,145.0,121,72,228,metformin
P0291,55,F,26.1,True,True,6.8,103.0,116,77,228,metformin_glimepiride
P0292,52,F,20.0,True,True,5.5,83.0,105,70,174,metformin
P0293,49,M,34.5,True,True,7.1,112.0,121,81,214,none
P0294,68,M,20.0,False,True,6.8,108.0,146,68,210,metformin_glimepiride
P0295,40,M,28.0,True,True,6.4,111.0,136,76,219,metformin
P0296,42,F,25.1,True,True,7.2,118.0,95,71,231,metformin
P0297,75,M,29.6,True,True,7.6,139.0,141,89,217,metformin_glimepiride
P0298,59,M,25.8,True,True,6.8,119.0,124,71,200,metformin
P0299,54,F,31.0,False,True,6.9,131.0,122,63,255,metformin_glimepiride
P0300,42,M,26.8,True,True,6.1,108.0,125,78,199,metformin
